"","logFC","AveExpr","t","P.Value","adj.P.Val","B","threshold"
"LCN2",3.2785127547033,11.1382115620418,11.2978927477908,4.35801795468648e-23,2.90156835423026e-19,41.6673047425351,"Upregulated"
"IFITM3",1.3830604778682,10.1937241190192,11.0978516248793,1.72043038274013e-22,6.22088683560687e-19,40.3321078042643,"Upregulated"
"BACE2",1.423194455333,10.3321960839835,10.6950480892622,2.68782513247965e-21,4.72011414994952e-18,37.65907472474,"Upregulated"
"SLC6A14",4.5749060841673,9.36105882023424,10.6887360695154,2.80559892298559e-21,4.72011414994952e-18,37.6173695494572,"Upregulated"
"S100A11",1.2196219874781,11.5865769830154,10.4376764949979,1.53661926581107e-20,2.19231665823645e-17,35.9635731611302,"Upregulated"
"PLS3",1.18851030408462,8.0815403580944,10.048033796767,2.10526853913182e-19,2.21319125266416e-16,33.4181449110839,"Upregulated"
"PARP8",1.0630813282269,8.40180775442499,9.81069182913006,1.0219528622899e-18,1.02062432356893e-15,31.881876476025,"Upregulated"
"NFKBIZ",1.26600975813474,8.98613035676078,9.7303013099724,1.7404226539579e-18,1.5801455495525e-15,31.3641877863664,"Upregulated"
"DUOX2",4.12867289205435,10.9369464031406,9.67565036301445,2.49741714260495e-18,2.16884391332136e-15,31.0130578959523,"Upregulated"
"PIK3R3",1.2264977176285,8.128936636904,9.592794150438,4.31231803914212e-18,3.58892668807603e-15,30.4819841116334,"Upregulated"
"CDC25B",1.18011221819645,8.26698903004141,9.57625953469461,4.80803651228418e-18,3.84142885185457e-15,30.3761911153747,"Upregulated"
"MXRA5",2.06006144536925,9.29101315246435,9.44530691181706,1.13566256798918e-17,7.82197383897101e-15,29.5405763128605,"Upregulated"
"CD55",1.52509072767174,11.160140648615,9.33142293784904,2.39005499344809e-17,1.53996640126233e-14,28.8172306613984,"Upregulated"
"STXBP1",1.10502812173297,8.49345123777875,9.29728854123386,2.98534182832306e-17,1.84713792719633e-14,28.6010490463202,"Upregulated"
"TIMP1",2.17752953322319,11.1304386170592,9.08153799213686,1.20904690474786e-16,6.48336136200592e-14,27.2415984995438,"Upregulated"
"NOS2",2.70204604268637,10.3200648379064,8.98270873269034,2.28499660469002e-16,1.13314663637439e-13,26.6230304729019,"Upregulated"
"LPCAT1",1.22803215474795,8.90221490245909,8.92159128346464,3.38259561050255e-16,1.53554465282222e-13,26.2418577162011,"Upregulated"
"ANXA5",1.24619953713296,10.5060468036598,8.71175739405489,1.29001846654407e-15,5.25853650015332e-13,24.9413823198006,"Upregulated"
"SETD7",1.02599068735342,8.2822067720568,8.53869107258203,3.85251830053537e-15,1.3267275954292e-12,23.8787626530539,"Upregulated"
"C2",1.43355691831358,7.46475712445407,8.44702848988558,6.85085823533398e-15,2.07953193038002e-12,23.3197829573201,"Upregulated"
"IFITM2",1.25995091302687,9.60827438512047,8.43031302775124,7.60690229129141e-15,2.23441568185669e-12,23.2181412940791,"Upregulated"
"IFITM1",1.05676801430046,11.3154577542734,8.34259906047326,1.3155896226438e-14,3.7010686088292e-12,22.6862881856948,"Upregulated"
"MUC1",2.15110207699912,10.8567431933084,8.30219903288786,1.69171320960535e-14,4.62880543132291e-12,22.4421868197776,"Upregulated"
"DUOXA2",3.44389286660934,9.25407963772857,8.26357173572396,2.1503921080602e-14,5.6515699955782e-12,22.2093137525664,"Upregulated"
"HIF1A",1.14679229754178,11.0138663945174,8.25054283580741,2.33137081332634e-14,6.03760531339866e-12,22.1308811826049,"Upregulated"
"TRIB2",1.32529218891422,8.25457794908517,8.21584640096801,2.89030750828585e-14,6.95554243018091e-12,21.9222974954975,"Upregulated"
"PDZK1IP1",1.69255469309122,10.2698560264088,8.17779315111676,3.65678307343949e-14,8.34123476550522e-12,21.6940140079856,"Upregulated"
"MTHFD2",1.02520181805985,8.69162768370249,8.15207759041,4.28557989622062e-14,9.61799694911355e-12,21.5400319581128,"Upregulated"
"WARS1",1.70193857068234,10.373661139015,8.10284943591667,5.80290942432034e-14,1.23305651958909e-11,21.2459110681905,"Upregulated"
"STAT1",1.09005375461365,10.9160246125683,8.06629694378315,7.26349998027971e-14,1.51126196464695e-11,21.0280823990094,"Upregulated"
"CXCL1",2.46374860463075,9.57402757886584,8.01666734470395,9.8445320294786e-14,1.87271126435053e-11,20.7330951888794,"Upregulated"
"BMAL2",1.22500159172283,7.51388606217125,8.00117334500503,1.08228255503765e-13,2.00162145873352e-11,20.6411861363372,"Upregulated"
"NUCB2",1.07129028299163,8.69555508991236,7.96038225887229,1.38829875679669e-13,2.34998977697094e-11,20.3996390186937,"Upregulated"
"FBXO16",1.06961981116327,6.26156869083921,7.92775620458139,1.69350954493087e-13,2.79555038433465e-11,20.2068853315176,"Upregulated"
"IDO1",3.12185804360702,8.59102639562756,7.90427275534693,1.95344767452466e-13,3.17220844316712e-11,20.0683919237934,"Upregulated"
"TRIM22",1.19891195885287,8.47900659406209,7.88169845539417,2.24042781122487e-13,3.58002440811244e-11,19.9354556665304,"Upregulated"
"FKBP11",1.04454291112751,8.05262641542771,7.85522882065649,2.63042915483804e-13,4.10470249521367e-11,19.7798259639524,"Upregulated"
"KCND3",1.51923242770292,7.1753754267279,7.83220993188548,3.02373036812101e-13,4.57545381612493e-11,19.6447018708142,"Upregulated"
"RBPMS",1.1857031581999,7.94841158979379,7.82899237437995,3.08315282657533e-13,4.59573839985191e-11,19.6258304918037,"Upregulated"
"SAMD9L",1.26185311563195,9.93390478757719,7.77276925573696,4.32919705974326e-13,5.92269740214465e-11,19.2967179052773,"Upregulated"
"MLKL",1.01747205655803,7.88613328814453,7.74817639369004,5.02021391169035e-13,6.65381827828527e-11,19.1531440727533,"Upregulated"
"IL1B",2.96701950929465,8.60243323504068,7.72067072047255,5.9228977545242e-13,7.63097359329023e-11,18.992845312029,"Upregulated"
"ASPHD2",1.08003778283542,7.54757143369872,7.63633552535951,9.81558515991936e-13,1.15327351755429e-10,18.5032175877309,"Upregulated"
"IGKV1-5",2.29373240043176,11.1133950907338,7.6276116387083,1.03404665117926e-12,1.19387559599159e-10,18.452731085723,"Upregulated"
"VWF",1.50728631505734,7.89748869151379,7.61531727385978,1.11275914673875e-12,1.26285518164544e-10,18.3816336901105,"Upregulated"
"IL1RN",2.09212703296535,8.18721801502712,7.60297139258975,1.19775876971976e-12,1.3291129814657e-10,18.31029978825,"Upregulated"
"APOL1",1.51749934948197,8.80113394365802,7.55564301666317,1.58735643212702e-12,1.65134673829714e-10,18.0374121599832,"Upregulated"
"SLFN5",1.05907573758823,9.12019725573997,7.50345227640121,2.16315839915545e-12,2.13895672597678e-10,17.7375529344523,"Upregulated"
"MMP1",3.31634306950793,9.42675727488629,7.46067880466832,2.7854012124599e-12,2.58812215704775e-10,17.4926416583102,"Upregulated"
"IGHG4",2.03933052545976,11.3623461781063,7.42278714091652,3.48242139311672e-12,3.14741560661147e-10,17.2763223789661,"Upregulated"
"PTPN13",1.1169694420022,6.69301305191851,7.39795416119225,4.030017200297e-12,3.5617505999439e-10,17.1348824436996,"Upregulated"
"SLC7A11",1.9390485608228,7.88989686329863,7.34695015422786,5.43528977487989e-12,4.36001919531931e-10,16.8452051824056,"Upregulated"
"IGFBP5",1.87252561740713,9.94182588724619,7.30184913586819,7.07462862081536e-12,5.434947387391e-10,16.5899855724371,"Upregulated"
"MMP3",3.70709815760537,8.18765052956315,7.29347169705408,7.4289380362493e-12,5.64203833977351e-10,16.5426760239343,"Upregulated"
"FCGR3B",2.10710430887586,8.30876120621985,7.28885487053055,7.63162888055239e-12,5.77402103258157e-10,16.5166166746485,"Upregulated"
"PHLDA1",1.45563881903131,8.25899343872994,7.27421654383672,8.31107886807738e-12,6.24080786883375e-10,16.4340531491917,"Upregulated"
"GPX8",1.11616992317557,5.9893173191804,7.24258477361129,9.98987116344414e-12,7.30907276991331e-10,16.25596312111,"Upregulated"
"ELK2AP",1.73095772323216,10.0393663993858,7.22503127302982,1.10616297547376e-11,8.00525335946116e-10,16.1573250895692,"Upregulated"
"IGKV3D-15",2.18005988913994,10.7080447442874,7.21387436437414,1.1801025829114e-11,8.46166313954846e-10,16.0947020856232,"Upregulated"
"GBP4",1.79319311432411,8.46724819442477,7.21280002452332,1.18747487776963e-11,8.47093686020378e-10,16.088674796241,"Upregulated"
"DRAM1",1.42990900038042,7.61864701897156,7.21196769249509,1.1932177097502e-11,8.48161228987559e-10,16.0840055772828,"Upregulated"
"CFI",1.89975175457082,7.64436538884327,7.18230095547192,1.4168206031212e-11,9.72493976864018e-10,15.9177820940988,"Upregulated"
"OAS2",1.2812158341736,8.12325299471147,7.17150109069023,1.50809532386992e-11,1.02807836173986e-09,15.8573676000047,"Upregulated"
"DAPP1",1.37526360140892,7.13231795506933,7.16758779256046,1.54258085493201e-11,1.04695060984055e-09,15.8354894696508,"Upregulated"
"IGHG1",1.73668367294217,11.3801252410172,7.15259062720869,1.68209781319324e-11,1.10520466186585e-09,15.75170818002,"Upregulated"
"ADAMTS9",1.4406197551972,7.56126950852461,7.11675416029164,2.06790669664429e-11,1.32811473822421e-09,15.5519186662037,"Upregulated"
"SOCS3",1.7104199540484,7.94856848786412,7.11180777789476,2.12759826979169e-11,1.34909993145458e-09,15.5243880088388,"Upregulated"
"CXCL2",1.68153176936364,7.947527789132,7.08242924548201,2.51880705515116e-11,1.5527979049256e-09,15.3611015784802,"Upregulated"
"UBD",1.98361879149465,8.95529013061438,7.08079064668865,2.54260316868222e-11,1.56264479050026e-09,15.3520057929665,"Upregulated"
"PRDM1",1.45693294201472,9.29645168283526,7.05109751444644,3.01431248289557e-11,1.79190111706417e-09,15.187393465794,"Upregulated"
"STEAP4",2.00165630741378,7.25053993011624,7.03965999881357,3.2181884244531e-11,1.8961680115052e-09,15.1240943190574,"Upregulated"
"F3",1.00224248513096,8.81509089951178,7.01134909236962,3.78316781501317e-11,2.18687176395638e-09,14.9676716236544,"Upregulated"
"MIR21",1.18323149785105,9.40738427941722,7.01050552720973,3.80142305225247e-11,2.18687176395638e-09,14.9630164694343,"Upregulated"
"IFI16",1.15794255000161,8.93034433343276,7.00426039850417,3.93929993558834e-11,2.25454375110148e-09,14.9285634411266,"Upregulated"
"OSMR",1.9360250262937,8.10449093586467,6.98455771115121,4.40740972359561e-11,2.47285398368255e-09,14.8199867893504,"Upregulated"
"TM4SF18",1.13277539550497,7.00542102071794,6.9399934356194,5.67799392047764e-11,3.10718494705809e-09,14.5750731341711,"Upregulated"
"HLA-DPB1",1.01660081588456,9.72547436970635,6.93611448821277,5.80432440443373e-11,3.14188551908291e-09,14.5537995641379,"Upregulated"
"PITPNC1",1.16004932851686,8.37108481010086,6.93452230849731,5.85697719618963e-11,3.14587419620125e-09,14.545069519151,"Upregulated"
"S100A8",3.06322042323192,8.32442954943548,6.9212501174894,6.31459824380886e-11,3.34556459739624e-09,14.4723436108189,"Upregulated"
"IGHA1",1.41993150854501,10.9698644078112,6.90900514035148,6.76795882070848e-11,3.5388274734249e-09,14.4053202556372,"Upregulated"
"CDH11",1.26611737009368,8.56577955969954,6.898563406079,7.17978323578539e-11,3.72490884030071e-09,14.348223162724,"Upregulated"
"FLT1",1.18620560743209,6.6641015071899,6.88793491134703,7.6243197921725e-11,3.90482470586804e-09,14.2901580350583,"Upregulated"
"PTGS2",2.51887698000349,7.9081681584768,6.88006249412031,7.97096205739898e-11,4.02050495289109e-09,14.2471844617839,"Upregulated"
"C4A",1.35143148137821,8.15144209205801,6.87291826294851,8.29895398927569e-11,4.17539816075045e-09,14.2082114616432,"Upregulated"
"SLC7A5",1.19131639385771,8.27853064006389,6.85820547994722,9.01687285763225e-11,4.46167490751627e-09,14.1280275759902,"Upregulated"
"IGKV1D-13",1.6408601213273,8.82085002910349,6.85610602997198,9.12418402508156e-11,4.49991238807356e-09,14.1165941353018,"Upregulated"
"LAMC1",1.12375676146305,8.60702511203137,6.84487462453766,9.71999200474522e-11,4.75850785055836e-09,14.0554646940526,"Upregulated"
"WNT5A",1.67542344332825,7.3464215951835,6.83978045714162,1.00027095403984e-10,4.8611708116768e-09,14.0277585221431,"Upregulated"
"IGKC",1.75639793914976,10.5734972319449,6.83109918368237,1.05032851848388e-10,5.07972441360703e-09,13.9805715631014,"Upregulated"
"KDR",1.26421402889689,7.54592126595541,6.82884277578338,1.06373832431661e-10,5.12113238392411e-09,13.9683128299071,"Upregulated"
"SELP",1.71664885345538,7.2192918376635,6.82486591646456,1.08778450503755e-10,5.1855388314129e-09,13.9467131142171,"Upregulated"
"HEG1",1.19766879599936,8.34406818147427,6.81928813401839,1.12241515316244e-10,5.31258774153238e-09,13.9164310867,"Upregulated"
"ACSL4",1.72823068270094,7.7812427234289,6.81475025219698,1.15138860891767e-10,5.4368406795559e-09,13.8918058154365,"Upregulated"
"CXCL11",2.22382367029485,7.61522030195822,6.75802783257665,1.58203056640177e-10,7.03774577579263e-09,13.584839347917,"Upregulated"
"ICAM1",1.60096951200359,8.90456865515192,6.74752607532071,1.6776057660592e-10,7.39090350523566e-09,13.5281788873838,"Upregulated"
"CALU",1.01557917406784,8.79907125848468,6.73418392437586,1.80726524467271e-10,7.83043730956456e-09,13.4562716074701,"Upregulated"
"COL6A3",1.62455889683193,8.83897507041471,6.71181047889228,2.04717806249626e-10,8.68159970707013e-09,13.3358869979526,"Upregulated"
"CDH5",1.16595341161523,8.29067064902677,6.69735088283025,2.21863239517513e-10,9.23228405442249e-09,13.2582159086647,"Upregulated"
"RIPK2",1.04479566787477,7.93195701203785,6.68689482591322,2.35134486795295e-10,9.74393410632618e-09,13.2021147620315,"Upregulated"
"PFKFB3",1.36729210206075,9.36258840228248,6.67630404463775,2.49372658181059e-10,1.02489083837623e-08,13.1453461302049,"Upregulated"
"SRPX2",1.09744411811387,7.11941313463118,6.67029952718257,2.57818518565829e-10,1.05525964955612e-08,13.1131855555654,"Upregulated"
"LYZ",1.00615877441114,12.4573605041086,6.65837167805416,2.75439594456477e-10,1.12278172646401e-08,13.0493525764343,"Upregulated"
"ADGRL4",1.72365493552797,7.44621761429268,6.64013280456983,3.04699502977575e-10,1.22950866110588e-08,12.9518831052572,"Upregulated"
"COL15A1",1.20352137491677,7.99476876027041,6.63932649900517,3.06061306918452e-10,1.2325138194333e-08,12.9475780138725,"Upregulated"
"TCN1",2.59388406352211,7.35201238975719,6.63069533938854,3.21019264307168e-10,1.28234209035611e-08,12.9015142771407,"Upregulated"
"ITGA5",1.55430132127725,8.78929983297976,6.6025638485753,3.74939878278527e-10,1.45689940781324e-08,12.7516392167843,"Upregulated"
"C1R",1.29252368105912,9.18804261734207,6.57968839727334,4.25273327924267e-10,1.63668775567617e-08,12.6300613433804,"Upregulated"
"CARD6",1.08735566787682,5.81925768487032,6.57486519672956,4.36705226695818e-10,1.6742322836895e-08,12.6044609990617,"Upregulated"
"ANKRD22",1.61970504590689,8.17936212242709,6.55582816869267,4.84852117367958e-10,1.83161761548177e-08,12.5035327669199,"Upregulated"
"IRAK3",1.71620729710048,7.21535886596069,6.5557374995945,4.85093480819994e-10,1.83161761548177e-08,12.5030525103044,"Upregulated"
"CYYR1",1.16526059756211,7.81166544740524,6.544661540061,5.1548430617349e-10,1.93176051247829e-08,12.4444168833516,"Upregulated"
"MMP12",2.47759964138756,9.40546892090734,6.52061880943995,5.88042469916459e-10,2.16308661033358e-08,12.3173518692442,"Upregulated"
"SERPINB5",1.90469558102371,8.49605875016514,6.51927491466402,5.92381995463529e-10,2.1710528398878e-08,12.3102581846793,"Upregulated"
"S100P",1.68183928661013,9.10752931033264,6.47982396150932,7.3478938168775e-10,2.56137576087803e-08,12.1024329426038,"Upregulated"
"CLDN1",1.6674051998616,8.03091519325506,6.46790572758324,7.84080409035404e-10,2.69556318245665e-08,12.0398067314861,"Upregulated"
"CATSPERB",1.38560896270396,6.89526029922735,6.46706106430323,7.87694530289943e-10,2.70333514570641e-08,12.0353711146884,"Upregulated"
"CXCL8",2.41798695269102,8.39297049792079,6.46633794467664,7.90801598839622e-10,2.7093432478941e-08,12.0315740597994,"Upregulated"
"TMTC1",1.00634240820865,6.58990580903543,6.46523696442623,7.95555387710988e-10,2.72096289625673e-08,12.0257934046829,"Upregulated"
"SAA2",1.71063285459501,7.16890226405353,6.46295862765148,8.05482113863241e-10,2.74551190141713e-08,12.0138330844203,"Upregulated"
"FSTL1",1.42184584454357,9.08112889425636,6.44799584510263,8.73767851441872e-10,2.94961304439293e-08,11.9353518193602,"Upregulated"
"CDH3",1.93340418257034,7.90625173403003,6.43962504285648,9.14418886989764e-10,3.07116642646737e-08,11.8914970429643,"Upregulated"
"LOC102724971",1.79254999856062,9.53111657868734,6.43550665213866,9.35095460063627e-10,3.11293278655181e-08,11.8699341528227,"Upregulated"
"ENG",1.12812347489844,9.34760298195019,6.43002475848047,9.63331742796485e-10,3.18042780671355e-08,11.8412460506437,"Upregulated"
"IER3",1.25068720903507,9.92194750794807,6.3978356838815,1.14684629515939e-09,3.71265930300061e-08,11.6731105335513,"Upregulated"
"ADGRL2",1.35108433578809,7.87221543769052,6.39563319307031,1.16058895068272e-09,3.72930651410562e-08,11.6616260119086,"Upregulated"
"COL4A1",1.26417884594272,7.94562076054011,6.39506053210882,1.16418854357372e-09,3.72930651410562e-08,11.6586403853032,"Upregulated"
"SLC28A3",1.00204411728762,7.496850844062,6.39446685089753,1.16793184262853e-09,3.72930651410562e-08,11.6555453499147,"Upregulated"
"CCL2",1.78937548636278,8.97651578482327,6.39361252390959,1.17333933270676e-09,3.73189169291159e-08,11.6510918171468,"Upregulated"
"AQP9",2.58700374283285,7.35418729681027,6.38590620205501,1.2232415449679e-09,3.85987782293662e-08,11.6109368220781,"Upregulated"
"FKBP10",1.04734835053391,8.40211407388363,6.36770699640679,1.3495135913134e-09,4.20040607052709e-08,11.5162315456041,"Upregulated"
"ANGPTL2",1.36411690095205,7.8362175410544,6.36532074729267,1.36699180693249e-09,4.24639103447426e-08,11.503826948732,"Upregulated"
"COL1A1",1.34993616440209,9.8792518423711,6.3449714957475,1.52535945732588e-09,4.6515312672713e-08,11.3981668447412,"Upregulated"
"COL1A2",1.35520211539886,9.55496067597541,6.34442663716643,1.52983851477722e-09,4.65807842898783e-08,11.3953407824727,"Upregulated"
"SERPINA3",1.95932020687301,8.08273871150461,6.3370438771386,1.59181743353256e-09,4.81013032032971e-08,11.3570636031721,"Upregulated"
"RGS5",1.53442032585257,8.82816238387443,6.32678241499549,1.68207628453591e-09,5.03822541360044e-08,11.3039095613415,"Upregulated"
"GNA15",1.21722701499124,7.95907189845548,6.32298494301808,1.71673691321339e-09,5.11029852526443e-08,11.2842530297887,"Upregulated"
"NID1",1.13648954739168,8.54429045821609,6.31613114984131,1.78107725338055e-09,5.2782250829411e-08,11.2487958345128,"Upregulated"
"CCL20",1.70290941135736,9.13660452823449,6.30694884328909,1.87099991821811e-09,5.47164749143317e-08,11.2013317899029,"Upregulated"
"CHI3L1",2.78532879577551,8.89336263645315,6.29862189936592,1.95639053043511e-09,5.70466342407458e-08,11.1583282613569,"Upregulated"
"STRIP2",1.17652304714484,6.79376372559346,6.29691693328094,1.97434062124948e-09,5.74024447872446e-08,11.1495277537506,"Upregulated"
"CD93",1.20205061430606,8.44136770262265,6.28984021233972,2.05058925960766e-09,5.89330501746811e-08,11.1130166062787,"Upregulated"
"C4BPB",1.34624744333952,6.12988250384337,6.27353558121422,2.23743713292073e-09,6.36083030908958e-08,11.0289982070669,"Upregulated"
"TNFSF13B",1.00182547935884,7.32535523611978,6.18301551589989,3.62157751059203e-09,9.65786237604341e-08,10.5651662242731,"Upregulated"
"KYNU",2.20079112418573,7.24146881159794,6.1747562529145,3.78343591805506e-09,1.00359029252632e-07,10.5230679122361,"Upregulated"
"ARHGAP29",1.08905174506631,5.8768953956106,6.16531494480181,3.97716038794833e-09,1.04663770209328e-07,10.4749905487619,"Upregulated"
"ADGRG6",1.24609710501686,9.15554605818214,6.16031166489667,4.08373192574492e-09,1.07045225045707e-07,10.4495325712788,"Upregulated"
"MYOF",1.13652138550766,9.90087497157632,6.15760598797841,4.14252538606978e-09,1.08160525570402e-07,10.4357711399138,"Upregulated"
"ADGRE2",1.32037131547501,8.00088208193686,6.15608872600067,4.17585742668749e-09,1.08888480731927e-07,10.4280559117967,"Upregulated"
"ADAMTS1",1.10211925243707,7.40924728023282,6.15435857976419,4.2141872590536e-09,1.09744688803568e-07,10.4192597244742,"Upregulated"
"CD34",1.03793252710509,8.45707389770422,6.15263987172627,4.25260523752007e-09,1.10259173473529e-07,10.4105233259429,"Upregulated"
"TGFBI",1.2312073608803,9.25179642692661,6.14911560760781,4.33245980741891e-09,1.11372654045541e-07,10.3926141724598,"Upregulated"
"ZG16B",1.11057036714353,9.82415002260732,6.14723830225416,4.37559512370977e-09,1.12192730424877e-07,10.383077124353,"Upregulated"
"TGM2",1.29132068332443,10.9371070265331,6.13790317117084,4.5964232081916e-09,1.16628975713861e-07,10.3356819273384,"Upregulated"
"IGFBP7",1.04813640292103,10.3886524370932,6.12403988058166,4.94466950321806e-09,1.24232488877079e-07,10.2653859814615,"Upregulated"
"EGR1",1.34982063095766,9.66673673031109,6.1066718358385,5.41762712679389e-09,1.34424452460349e-07,10.1774692586387,"Upregulated"
"LAMA4",1.05344744504166,7.88638140557379,6.08184297284381,6.17162031411595e-09,1.50883652575462e-07,10.0520779542045,"Upregulated"
"VCAN",1.42981487982022,8.40000601923678,6.06651142522091,6.68759611979854e-09,1.61131537873168e-07,9.9748224030951,"Upregulated"
"ADGRF5",1.11755779853379,6.75544394221877,6.06570683704176,6.7158114013215e-09,1.61616405939754e-07,9.97077172943543,"Upregulated"
"PLAU",1.54938175963232,8.36414049948106,6.02559668326401,8.28046516113262e-09,1.92542504224055e-07,9.76930015637237,"Upregulated"
"SLFN11",1.20787403279347,7.61807441066016,6.01275677085448,8.85299205459452e-09,2.03341714891048e-07,9.70499775085469,"Upregulated"
"TFF1",1.34850728006742,10.7389569014625,6.01267242015522,8.85687853986241e-09,2.03341714891048e-07,9.70457563048945,"Upregulated"
"VSIG1",2.50618923654156,7.35949249187935,6.00331381563604,9.29862052302492e-09,2.11624790977935e-07,9.65776696712907,"Upregulated"
"GBP5",1.76481700164011,7.27348185355638,5.9636899786006,1.14204025963236e-08,2.52056487799965e-07,9.46013366171503,"Upregulated"
"SPARC",1.19321352929917,10.9329014873453,5.94496183985473,1.2581699940293e-08,2.74652321975314e-07,9.36703477621611,"Upregulated"
"CALCRL",1.43968283462929,7.26424998761828,5.93417402983988,1.33023066592947e-08,2.87865951476438e-07,9.31349915636623,"Upregulated"
"NNMT",1.10148254093252,8.16019264906565,5.91816220752991,1.44469207309899e-08,3.09284881758621e-07,9.23416226915196,"Upregulated"
"PXDN",1.21702362454771,8.49564544027175,5.91392126723102,1.47658932377697e-08,3.14093665102462e-07,9.21317361101335,"Upregulated"
"CTSK",1.44608489229059,9.12735922758429,5.90446796112878,1.55019126911438e-08,3.27656300627414e-07,9.16642602891744,"Upregulated"
"RAB31",1.34104465743366,9.77935434668372,5.89629473736058,1.61671179991447e-08,3.38847864548704e-07,9.12605023516022,"Upregulated"
"SOD2",1.09383616351773,10.0524728732833,5.89392652439724,1.63650283858454e-08,3.42277567517149e-07,9.11435846901248,"Upregulated"
"PIM2",1.53379018645308,8.86468250043828,5.86969820070006,1.85309647241789e-08,3.79239230943391e-07,8.99493117472417,"Upregulated"
"RHOJ",1.02564021898531,8.10534613090224,5.86136120960463,1.93392527567545e-08,3.92164705140522e-07,8.9539150328696,"Upregulated"
"ACP3",1.21562475031589,7.65973481375466,5.85572535504233,1.99050955084891e-08,4.02413337739434e-07,8.9262108236206,"Upregulated"
"MCAM",1.00029273102105,7.77920194144326,5.81973742984296,2.3919682796924e-08,4.74922210920238e-07,8.74974243296223,"Upregulated"
"MCTP1",1.09596862676459,7.17010564844614,5.80107598552201,2.63029573265185e-08,5.18633040118342e-07,8.65853428253207,"Upregulated"
"ALPL",1.28198887293521,7.77026369636209,5.7780902552066,2.95592238621766e-08,5.73219356721471e-07,8.54647313419347,"Upregulated"
"SERPING1",1.22027201153657,9.18862315077105,5.76518308536159,3.15571867931242e-08,6.0433676798261e-07,8.4836844015113,"Upregulated"
"PI3",2.17971143737295,10.2005977251205,5.75394851786889,3.3403243954068e-08,6.33013657247205e-07,8.42911266425541,"Upregulated"
"IL7R",1.4179925269883,8.46043399507615,5.75318141107306,3.35330744428818e-08,6.34871686182106e-07,8.42538918763938,"Upregulated"
"CXCL10",2.16918237949598,8.52557031469067,5.73369422533611,3.70017094053177e-08,6.92663677283802e-07,8.33091728043834,"Upregulated"
"FADS1",1.09937380103073,7.58195519245815,5.69602875778235,4.47276685505555e-08,8.14394212970642e-07,8.14896123539958,"Upregulated"
"DYSF",1.07732880754117,6.64818676489543,5.67489877230767,4.97300923741609e-08,8.90859968682951e-07,8.04725794793238,"Upregulated"
"CD274",1.41681901841066,6.94666911335477,5.59894903012654,7.26402291414948e-08,1.23587388149252e-06,7.68392259370607,"Upregulated"
"EDNRA",1.39684227105642,7.15161158712894,5.59651955246406,7.35218944698621e-08,1.24711333143794e-06,7.6723580949016,"Upregulated"
"LILRB2",1.03989122766937,7.79104545196728,5.5793758851419,8.0047178811408e-08,1.34132747447908e-06,7.59085545128003,"Upregulated"
"IGKV2-24",1.7567312236409,8.26017296771896,5.57310216230556,8.25736300266103e-08,1.37673262616988e-06,7.56107452109901,"Upregulated"
"IGLL5",1.06699193656128,8.2963468842294,5.57248117015281,8.28278970093916e-08,1.37876483507241e-06,7.55812802596099,"Upregulated"
"NR4A2",1.30427889883556,7.83125369348855,5.56585903020028,8.55873083259763e-08,1.41633877092216e-06,7.52672188035821,"Upregulated"
"IL1R1",1.13084695077929,8.48938212681296,5.56467084787899,8.60918197121401e-08,1.41910047759157e-06,7.52108965653764,"Upregulated"
"SPARCL1",1.21673764575449,9.1346059286349,5.56463702934162,8.61062217093307e-08,1.41910047759157e-06,7.52092936253398,"Upregulated"
"CXCL9",1.88112885461348,8.15935055422734,5.54470029135314,9.50186934658445e-08,1.5259700990705e-06,7.42655502480405,"Upregulated"
"MMP2",1.40854824181421,9.43638753208101,5.54028103640947,9.71128435358471e-08,1.5524485088908e-06,7.40566876202557,"Upregulated"
"LOXL2",1.08594301869288,8.31290228806757,5.51764137520938,1.08567361047319e-07,1.71154259633713e-06,7.29885830345802,"Upregulated"
"C1S",1.25470665618244,9.16218789867354,5.50600657735631,1.14956181830184e-07,1.80371938403463e-06,7.24409041012717,"Upregulated"
"ANXA1",1.58256301999974,10.99613545136,5.4977381279383,1.1971783289936e-07,1.86524492537584e-06,7.20521976549627,"Upregulated"
"GJA1",1.17663368926266,7.75327885010862,5.49729077377967,1.19980867613719e-07,1.86788608707437e-06,7.20311792755828,"Upregulated"
"SLC2A3",1.3379639992114,8.48901586531255,5.49588310711773,1.2081222697052e-07,1.87790149533787e-06,7.19650499136324,"Upregulated"
"TNC",1.71994147284291,8.97251664472681,5.4919542694933,1.23162399329428e-07,1.9099734194146e-06,7.17805461035251,"Upregulated"
"SELE",1.82374514276157,6.7255518552004,5.47159312604143,1.36074437344523e-07,2.07160885024353e-06,7.08258960643884,"Upregulated"
"HGF",1.25416444187967,6.48960632727075,5.4711889753665,1.36343639322764e-07,2.07254783244512e-06,7.08069732446619,"Upregulated"
"TNIP3",2.48102035727115,7.28696273734111,5.45638229475213,1.46572238398787e-07,2.18970373206983e-06,7.01144095548486,"Upregulated"
"SRGN",1.25532335898087,10.4444577672622,5.45183286841486,1.49862551756611e-07,2.22719836963285e-06,6.99018910305711,"Upregulated"
"LAMP3",1.12785127996667,7.67898988688017,5.42862244152343,1.67801980895779e-07,2.45724103109406e-06,6.8819674163335,"Upregulated"
"IGK",1.47404123734196,6.14899062105042,5.42836817618665,1.68009647112033e-07,2.45847962741081e-06,6.88078374189511,"Upregulated"
"F2RL2",1.09599986746666,6.73958194908068,5.42633848104796,1.69676362040677e-07,2.4792360317487e-06,6.87133641394497,"Upregulated"
"MSN",1.01889195358807,9.93278418735963,5.3995660161261,1.93227145591648e-07,2.76866499716469e-06,6.74696509273902,"Upregulated"
"MMP7",2.32253460920512,7.19372979835362,5.393700634268,1.98796746779144e-07,2.83235838216562e-06,6.71977783884097,"Upregulated"
"SLAMF7",1.31456691246147,8.30650423963086,5.38352886696446,2.08828439411676e-07,2.9457198084808e-06,6.67268114116519,"Upregulated"
"NCF2",1.35772127053551,7.14125040620442,5.37047543493245,2.22426608546946e-07,3.10681753784385e-06,6.6123378758834,"Upregulated"
"BGN",1.32255979684421,9.01652446401186,5.36440509447623,2.29040328984492e-07,3.18139883945496e-06,6.58431276772696,"Upregulated"
"FCGR2A",1.82297118901222,7.41952436454382,5.35579975927753,2.38745074000823e-07,3.30173630846833e-06,6.54462437036835,"Upregulated"
"FOS",1.21133585887994,9.87914556914557,5.3536000113379,2.4128940681819e-07,3.32380318054243e-06,6.53448653404906,"Upregulated"
"REG4",1.46337791518146,10.6724992044266,5.35135270295755,2.43916003238048e-07,3.35074157405555e-06,6.52413268680278,"Upregulated"
"THY1",1.14054575659028,7.80561867603044,5.3401070789459,2.5748337853404e-07,3.50816712335533e-06,6.47236989700161,"Upregulated"
"SERPINB9",1.19411930683955,8.58860858905575,5.3173801785869,2.87181311848551e-07,3.8241063485753e-06,6.36800582891893,"Upregulated"
"COL3A1",1.15123658251071,9.32937271033169,5.31483250842198,2.90711237914601e-07,3.86595623575648e-06,6.35632726125975,"Upregulated"
"FBN1",1.13888673020452,7.70425955056687,5.31414685396989,2.9166843458801e-07,3.87352746839156e-06,6.35318491777623,"Upregulated"
"MMP10",1.46870319485035,6.44165252977638,5.29472933105886,3.20085779794691e-07,4.17868847426089e-06,6.26431977093443,"Upregulated"
"ME1",1.0886386487199,8.8459793860204,5.27359018655452,3.54085109253957e-07,4.58063210637211e-06,6.16785081477285,"Upregulated"
"CSF3R",1.43099592755473,7.24661849221576,5.27070717851566,3.58985976806978e-07,4.6309683437219e-06,6.15471643204889,"Upregulated"
"TNFAIP6",2.02150498278705,6.75867856389614,5.23857024696094,4.18283394003472e-07,5.26451954116279e-06,6.00867057542043,"Upregulated"
"PCOLCE",1.05706726276533,8.68750235006518,5.20334774919459,4.94214723267015e-07,6.07099931275237e-06,5.8493711694425,"Upregulated"
"CCN1",1.20961740157558,7.62466327398339,5.19859770920252,5.05428313533259e-07,6.17835075551611e-06,5.82795011023512,"Upregulated"
"ADM",1.04009491271055,9.26366293970005,5.19653462348188,5.1037537118347e-07,6.2273901429558e-06,5.81865088004724,"Upregulated"
"IGLV6-57",1.54828635189885,8.19767143529472,5.19362509773854,5.17432147659637e-07,6.2942690117866e-06,5.80554109326388,"Upregulated"
"ITGAX",1.18728022846322,8.08361106330191,5.19304260706517,5.18856269829809e-07,6.30775114642763e-06,5.80291716128764,"Upregulated"
"FPR1",1.26752010263749,7.09051318981879,5.18739814799319,5.32855055667184e-07,6.45828087493709e-06,5.77750217292583,"Upregulated"
"HLA-DPA1",1.12301685312316,11.5485743607614,5.17983315730865,5.52193646087353e-07,6.66033568052463e-06,5.74347235813577,"Upregulated"
"SERPINE1",1.43005433891823,7.79108474737038,5.17497082433371,5.64981519184106e-07,6.7981571470984e-06,5.7216197438965,"Upregulated"
"PLEK",1.7101187904542,7.8865264820106,5.17380983528001,5.68077192784485e-07,6.8271804143666e-06,5.71640423930091,"Upregulated"
"IL33",1.0633048515472,6.15988485772683,5.16969563063632,5.79180570245457e-07,6.94390918972554e-06,5.69792912626978,"Upregulated"
"LUM",1.24115138344733,10.0779505988381,5.16857334361122,5.82245803146229e-07,6.9722887722079e-06,5.69289134545338,"Upregulated"
"TREM1",1.43980573490574,6.54286929394892,5.1631011928783,5.9741870814017e-07,7.11983369713112e-06,5.66833949313383,"Upregulated"
"CXCR1",1.63461217361674,6.8824565874796,5.16017301623617,6.05694840046115e-07,7.19271625153454e-06,5.65520973208556,"Upregulated"
"IL1A",1.59974723246719,6.40732282291254,5.14525090183801,6.49630412511511e-07,7.63277521147348e-06,5.58838733806782,"Upregulated"
"ENTPD1",1.0351502569858,8.97606934206877,5.12928871779031,7.00052476069126e-07,8.16278351255384e-06,5.51706954067298,"Upregulated"
"MUC4",1.58932624952376,10.0095084094295,5.07235517370023,9.127432756257e-07,1.01622821557122e-05,5.26406592815631,"Upregulated"
"STX11",1.07597373087203,8.01850661238793,5.07004557560973,9.2257913198827e-07,1.02603538877136e-05,5.25384782086609,"Upregulated"
"FPR2",1.44668649047549,5.83083423198128,5.04347087655235,1.04341651425516e-06,1.14323650333147e-05,5.13653193732147,"Upregulated"
"CASP5",1.15049382866866,10.1346035369479,5.03412684235788,1.08944669425033e-06,1.18392863280501e-05,5.09539406802167,"Upregulated"
"GREM1",1.46415321583726,9.51252120002584,4.9831886739652,1.37714453411459e-06,1.44774131181078e-05,4.87216419582461,"Upregulated"
"COL12A1",1.42946181876955,8.29518724834466,4.97137163060196,1.45373521474783e-06,1.51470564315978e-05,4.8206271072194,"Upregulated"
"KCNJ15",1.1827451810703,6.1483205178201,4.93727666351667,1.69857056440227e-06,1.72044870453199e-05,4.67245979867072,"Upregulated"
"PCSK1",1.09475397524653,7.41936138233234,4.93190597631996,1.74061094321336e-06,1.75857172381101e-05,4.64919214393338,"Upregulated"
"VNN1",1.8502785731833,9.85070471415071,4.92808017559752,1.77117106289179e-06,1.78493293694251e-05,4.63262942192967,"Upregulated"
"FCGR1A",1.12172662127255,6.24355283060279,4.89050222602314,2.10030949803701e-06,2.06861843756367e-05,4.47047626621865,"Upregulated"
"MZB1",1.00577946519087,8.64346991442581,4.85697567946523,2.44334489721578e-06,2.3397497152646e-05,4.3266204148893,"Upregulated"
"PLAUR",1.03905823871928,9.21085934070678,4.83666655057104,2.67687061037022e-06,2.52444823283922e-05,4.2398534357177,"Upregulated"
"RGS1",1.08193058259063,6.13208098159924,4.82744912822141,2.7898461346432e-06,2.61494071766135e-05,4.20056747882756,"Upregulated"
"MNDA",1.17663111010059,6.05093988839179,4.794914199175,3.22665734309952e-06,2.9361846820533e-05,4.0623684640318,"Upregulated"
"S100A9",1.3095179415831,8.50511720269818,4.79014117232623,3.2960577536109e-06,2.9898027961228e-05,4.04215570040423,"Upregulated"
"CXCR2",1.19833279189443,5.95849147020142,4.78513166909292,3.37044748426806e-06,3.0475924875858e-05,4.02095851897464,"Upregulated"
"MGP",1.23111902895034,7.61112645099873,4.72740912011562,4.3535862338377e-06,3.79897472410111e-05,3.77797269998099,"Upregulated"
"CEMIP",1.51590072789296,7.3829830679004,4.72637048265408,4.37359354852105e-06,3.80977573214826e-05,3.77362182624477,"Upregulated"
"OLFM4",1.16605476277422,12.9448576469233,4.72571497764827,4.38626622789592e-06,3.81914915588462e-05,3.77087629131863,"Upregulated"
"SPP1",1.63559903332506,7.33578106111488,4.72165617110962,4.46552684730342e-06,3.87464957637005e-05,3.75388298141711,"Upregulated"
"CFH",1.05583741141113,8.15287687502918,4.72126132812885,4.47331074739224e-06,3.87803423908041e-05,3.7522304790687,"Upregulated"
"FADS2",1.16139198230562,8.54774513400905,4.68864898462969,5.16349623936265e-06,4.35723168082085e-05,3.61611883436148,"Upregulated"
"BIRC3",1.0257862757058,10.147271478741,4.66249025944116,5.7903069691166e-06,4.79302077916018e-05,3.50748354666732,"Upregulated"
"C3",1.29885562592676,9.57470186780905,4.64823065800287,6.16226778961911e-06,5.04034139352384e-05,3.44846812728059,"Upregulated"
"HK2",1.17988278761929,10.5422822231736,4.64396518531015,6.27793876725397e-06,5.10984306997273e-05,3.43084283572875,"Upregulated"
"ADGRF1",1.30326888083646,6.63921970741799,4.63291831741344,6.58732220140545e-06,5.32262029332009e-05,3.3852562366849,"Upregulated"
"DMBT1",1.69186827497099,11.6287691140746,4.60377833358375,7.47558374229749e-06,5.94416041674563e-05,3.26542177866071,"Upregulated"
"ABCA12",1.89298633972737,6.4815374199548,4.60148884694608,7.55006517026757e-06,5.99383949566472e-05,3.25603218118591,"Upregulated"
"LAX1",1.09008624537804,7.168353150721,4.58583083636989,8.07895658874176e-06,6.31581522127311e-05,3.19191614948921,"Upregulated"
"S100A12",1.69572839068393,6.00110088072425,4.53228641470726,1.01708101760532e-05,7.66074095831597e-05,2.97399063088733,"Upregulated"
"VNN2",1.41727314284207,6.54962132351944,4.51220912288024,1.10823302192744e-05,8.25964417163386e-05,2.89280765836201,"Upregulated"
"INHBA",1.29800356516593,7.04585400337222,4.50782255100776,1.12916940369903e-05,8.39688371909321e-05,2.87510918526239,"Upregulated"
"STC1",1.30793349136077,6.98055375690752,4.50637485376221,1.13616214785016e-05,8.44573976224755e-05,2.86927122231486,"Upregulated"
"PLA2G7",1.25503515026608,8.58160513538813,4.44837790914489,1.45323083420194e-05,0.000103815567533439,2.63664291438687,"Upregulated"
"CXCL5",1.06205244006655,8.33393421264327,4.43741656036702,1.52203038918197e-05,0.00010815024899865,2.59295125627355,"Upregulated"
"HCAR2",1.21811179497136,7.17996136005836,4.3828318175147,1.91389006056934e-05,0.00013136783529145,2.37668588944482,"Upregulated"
"FFAR2",1.04122382185845,6.48710943393067,4.33492284286824,2.33611253541946e-05,0.000155073153148782,2.1886744035659,"Upregulated"
"TM4SF1",1.15060467827095,10.2149991292963,4.33116360015827,2.37277951085113e-05,0.000157245845885005,2.17399354213528,"Upregulated"
"FAP",1.07807553680903,5.80971538825803,4.30395297032612,2.65512686627828e-05,0.000173198902766304,2.06804089701583,"Upregulated"
"C4BPA",1.5754505322934,6.8250809690335,4.29586977463349,2.74502446362455e-05,0.00017801661894947,2.03667246700448,"Upregulated"
"SPINK4",1.40676212399956,10.4130472724222,4.29061844528648,2.80498231638182e-05,0.000181081825427959,2.01631968743352,"Upregulated"
"LY96",1.10468618580968,6.23265923308597,4.26785627135248,3.07968869331658e-05,0.00019634121276829,1.92833691955428,"Upregulated"
"HCAR3",1.56363717962028,6.31374066216747,4.24756336205659,3.34615971806148e-05,0.000210176711347673,1.85022468436721,"Upregulated"
"FCER1G",1.04548739089083,7.98826170194703,4.22865178622688,3.61425198200461e-05,0.000224265514409941,1.77770697629458,"Upregulated"
"FCRL5",1.03175702404126,7.08789756458745,4.20629150088405,3.95777212895999e-05,0.000242264780685417,1.6923112237352,"Upregulated"
"IL13RA2",1.2183925791472,4.90573297899657,4.19982723405892,4.06276341539668e-05,0.000247256661971765,1.66769371913928,"Upregulated"
"FFAR4",1.22782736253394,9.10767084436957,4.17944623275969,4.41150489956006e-05,0.000265832547519839,1.59028404672671,"Upregulated"
"TDO2",1.35065323500895,6.15042882588342,4.14301465802448,5.1073395529501e-05,0.0003016380846559,1.45269420067873,"Upregulated"
"IGSF6",1.06505618223947,8.22119412508272,4.07860142127045,6.60143333925614e-05,0.000375554057300775,1.21189382792338,"Upregulated"
"FN1",1.09709886539301,9.21740592705139,4.04892734930512,7.42229483085272e-05,0.000415157986422437,1.10202735683958,"Upregulated"
"SLPI",1.44126653509158,9.18079258730992,3.99396562442743,9.20612470636416e-05,0.000498598521922228,0.900322230700935,"Upregulated"
"MMP9",1.26601207644075,8.65204224400157,3.96134205141704,0.00010450661514194,0.000556644034892031,0.781699548375158,"Upregulated"
"TFPI2",1.050526026803,5.80598536037259,3.93516812282213,0.000115632035440087,0.000606680923530416,0.687125398406484,"Upregulated"
"DCN",1.02949752321562,8.861087564045,3.92332479416507,0.000121027969530374,0.000630848816127266,0.64450709903106,"Upregulated"
"IL6",1.4160349820737,6.42549423767108,3.91944396050433,0.000122847557794409,0.000638500421385773,0.630565671158091,"Upregulated"
"SLCO1B3",1.56337534708147,4.99013340531291,3.91695977847476,0.000124025914466558,0.000643954670016906,0.621647712079559,"Upregulated"
"HLA-DRB3",1.02100206718002,7.14539541529738,3.83920579122018,0.000166829923753667,0.000827068974200981,0.344959928327291,"Upregulated"
"FOLH1",2.11901141547973,7.25897388801791,3.80632567879218,0.000188858368442537,0.000918942034414429,0.229385673086682,"Upregulated"
"REG1B",2.48679462277328,9.441262641603,3.68887207747701,0.000292192327688246,0.00133035093531913,-0.176463975550665,"Upregulated"
"KLK10",1.12608258638535,8.19944383115267,3.62674160934208,0.00036652193667705,0.00161716570867846,-0.386688927432756,"Upregulated"
"VSNL1",1.15964072660565,7.14843223345851,3.6167881803595,0.000379971173983478,0.00166729882011116,-0.42007847924054,"Upregulated"
"ST3GAL4",1.06900475248419,7.55386497518436,3.61477319778872,0.000382749831941837,0.00167764870379773,-0.426828156923005,"Upregulated"
"SERPINB7",1.41963890320676,5.57287967551544,3.59218301720596,0.000415239916315212,0.00180304393227827,-0.50227476573885,"Upregulated"
"CCL18",1.37835854398695,8.29186022079308,3.57410928195837,0.000443085195394985,0.00190613476046079,-0.562339742638416,"Upregulated"
"SELL",1.11427497175992,7.77169067832311,3.56917742361691,0.000450983092762143,0.00193469422139842,-0.578683908871448,"Upregulated"
"MUC5B",1.51503408662112,9.75922634464586,3.56149384857621,0.000463551880765104,0.00198053160778656,-0.604107893792123,"Upregulated"
"REG1A",2.06411336488783,11.2756874555525,3.54510712655783,0.00049146566000199,0.00207775046797367,-0.658169150975334,"Upregulated"
"NMUR2",1.0760346180465,6.47400994553581,3.53923415999969,0.00050184882826172,0.00211519909172813,-0.677491387619537,"Upregulated"
"PI15",1.46294573439854,6.63277156070734,3.52815466520954,0.000522000390640276,0.00218629394058479,-0.713866726301056,"Upregulated"
"SERPINB3",1.85959167406253,5.90255503289045,3.51631490279637,0.000544373319208723,0.00226338731845858,-0.752627431244074,"Upregulated"
"POSTN",1.17032637003329,8.59762634334352,3.12035678617835,0.00208092966836362,0.00711233559135781,-1.98205895668623,"Upregulated"
"SERPINB4",1.09840498031426,4.67949096618074,2.91902410478265,0.00392492711384468,0.0121450804294243,-2.55637138711114,"Upregulated"
"PGC",1.23011390666304,6.55351962994593,2.88648323341478,0.00433565054186904,0.0131671406299669,-2.64591463312674,"Upregulated"
"CNTFR",-2.07463946648295,7.30479437168659,-13.0605778802291,2.07658408637953e-28,4.14776905413448e-24,53.5748995872322,"Downregulated"
"FAM47E-STBD1",-1.38192061426544,7.18311176908659,-11.6759649286762,3.21210056431076e-24,3.20792483357716e-20,44.2025731306644,"Downregulated"
"PAQR5",-2.0094767731177,7.44924796613361,-11.1201719771935,1.47640308994503e-22,6.22088683560687e-19,40.4808515333683,"Downregulated"
"CNTN4",-1.18169699289019,5.58996068299078,-11.0857853029621,1.8686953546431e-22,6.22088683560687e-19,40.2517229350563,"Downregulated"
"FRMD1",-1.14863440357732,6.67542489754287,-10.8862205695867,7.31278398053232e-22,1.62295052474614e-18,38.9249465747334,"Downregulated"
"SLC38A4",-1.51608650211172,4.71054817241405,-10.1893550883056,8.17400613428476e-20,9.60397638389435e-17,34.3381651276471,"Downregulated"
"GUCA2B",-2.22703238201741,9.72396378218319,-9.35150050139567,2.09670397142015e-17,1.39598550417154e-14,28.9445231951081,"Downregulated"
"MT1M",-2.52749534300172,9.01432390040732,-9.06001659293263,1.38912559500257e-16,7.11446016271315e-14,27.1066689927295,"Downregulated"
"MT1H",-1.71755325390749,8.23496503533138,-8.97994298514304,2.32597437125013e-16,1.13314663637439e-13,26.6057586024494,"Downregulated"
"NAAA",-1.34514265611665,9.80706017005765,-8.95912753033966,2.65871762334671e-16,1.26441013830303e-13,26.4758364310618,"Downregulated"
"TLCD4",-1.48458787454837,8.33459584104588,-8.88637737546013,4.23837596626521e-16,1.84037655543872e-13,26.0227190760799,"Downregulated"
"MT1JP",-1.102516013231,7.15234806508163,-8.63331190906015,2.1206261368425e-15,8.30536989358669e-13,24.458581008301,"Downregulated"
"CNKSR3",-1.27837398783531,7.78613415894478,-8.62456871657758,2.24116104791897e-15,8.60864437906415e-13,24.4048871622336,"Downregulated"
"CDC14A",-1.4610183443968,8.28699094330742,-8.59281489732468,2.73894310575357e-15,1.03221980366645e-12,24.2100798146808,"Downregulated"
"TMEM63C",-1.2125564041514,5.58787669775004,-8.54981691521285,3.59187233839092e-15,1.2586676857372e-12,23.9467936114222,"Downregulated"
"IGSF9",-1.00325218060619,7.5036626311552,-8.22119067151383,2.79627433689382e-14,6.81131507379477e-12,21.9543984026849,"Downregulated"
"MT1A",-1.08510943316288,8.2082171622609,-8.21134778651346,2.97188544478459e-14,6.98358116166206e-12,21.8952837871425,"Downregulated"
"MT1P3",-1.04770154332131,8.82269552009626,-8.04998377152564,8.02773028779753e-14,1.62890225068533e-11,20.9310219693316,"Downregulated"
"MIER3",-1.07316080168402,9.35105254457781,-8.0188492566477,9.71399312804441e-14,1.87006874765658e-11,20.7460451540711,"Downregulated"
"EFNA1",-1.11253764596764,8.20793358430211,-8.00786136442419,1.03892625417309e-13,1.9393937383975e-11,20.6808481009456,"Downregulated"
"RUNDC3B",-1.34255733100751,6.57354033781431,-7.99599105841648,1.11710548599514e-13,2.01563803013828e-11,20.61046490181,"Downregulated"
"HOXA6",-1.25336768611341,7.84540395811834,-7.99383203930961,1.13193856988146e-13,2.0186911602511e-11,20.5976688804625,"Downregulated"
"SLC19A3",-1.38182541678905,7.07296483385485,-7.94853098523768,1.49228739740887e-13,2.48391237298707e-11,20.3295762666308,"Downregulated"
"ACSF2",-1.72533772251447,8.17479666578321,-7.91737494732213,1.80390233831694e-13,2.95337256602809e-11,20.145636477848,"Downregulated"
"SLC22A5",-1.57121275059429,8.55691195909886,-7.86506199101668,2.47827111931264e-13,3.89771553835832e-11,19.8376095992469,"Downregulated"
"RNF152",-1.27540987864874,8.10428415809159,-7.83002227587201,3.06400773533001e-13,4.59573839985191e-11,19.6318705619575,"Downregulated"
"PFN2",-1.23481070103455,8.12079714525417,-7.82439652539486,3.17003916471419e-13,4.64435529273687e-11,19.59888214036,"Downregulated"
"SEMA5A",-1.0400043738006,9.01709521928855,-7.82359053337641,3.18552455744944e-13,4.64435529273687e-11,19.5941569373266,"Downregulated"
"B4GALNT2",-1.80005561930597,7.52604929308844,-7.8195555721252,3.26418019544786e-13,4.70900304394775e-11,19.5705053505727,"Downregulated"
"MT1X",-1.20479460529879,10.5324785789272,-7.81890619038737,3.27701723795302e-13,4.70900304394775e-11,19.5666994770517,"Downregulated"
"TRPV3",-1.04701476710816,6.5213477168755,-7.80737524597676,3.51346289412002e-13,4.94210618641925e-11,19.4991463253083,"Downregulated"
"CDHR1",-2.11900559408352,7.63750654490326,-7.69737893072241,6.81152908814421e-13,8.55682276771022e-11,18.8573371388776,"Downregulated"
"MT1G",-1.46145635331468,11.5561090496239,-7.59756944421195,1.23694028362655e-12,1.34091766255858e-10,18.2791069934131,"Downregulated"
"AQP7P3",-1.62584315882105,6.5512692520303,-7.58336963082504,1.3460814343963e-12,1.43778773104982e-10,18.1971686262159,"Downregulated"
"TDP2",-1.11409969635342,9.88228719917765,-7.4976262217633,2.23904593502732e-12,2.19228938756058e-10,17.7041494574231,"Downregulated"
"PHLPP2",-1.70048710787093,8.98201009277519,-7.47578636279026,2.54767507449841e-12,2.43479722191537e-10,17.5790570023089,"Downregulated"
"MT1F",-1.53647553530673,11.3555888920401,-7.46302726343514,2.74705758635539e-12,2.57604357886678e-10,17.5060685931979,"Downregulated"
"BMP3",-1.87757822066075,7.54701903833854,-7.45767133552687,2.83527772696962e-12,2.60976208840974e-10,17.4754503112057,"Downregulated"
"CYP2B6",-2.70925027600325,7.95422325740687,-7.3968996739381,4.05506360332567e-12,3.56809869660031e-10,17.1288822449126,"Downregulated"
"CHAD",-1.14011505806836,7.26286148123028,-7.39057685421717,4.20850234671709e-12,3.65480982057945e-10,17.0929143226108,"Downregulated"
"PDK2",-1.31607483929277,8.53679911362378,-7.38533368632894,4.34007953879824e-12,3.7205471548479e-10,17.063101003969,"Downregulated"
"OTOP2",-2.05180600286038,8.30910399862263,-7.3517630285372,5.28425646488225e-12,4.25595720280476e-10,16.872492302656,"Downregulated"
"SUGCT",-1.00869948801016,5.83710390016856,-7.29433914842279,7.39145221875859e-12,5.63499490906428e-10,16.5475733274601,"Downregulated"
"CDKN2B",-1.23716589328224,8.82971851549854,-7.27015076572027,8.51016841329518e-12,6.3663709321033e-10,16.4111378404691,"Downregulated"
"HSD17B2",-1.43356822873799,9.72048952123202,-7.19855750750201,1.28961332430305e-11,9.02454303879817e-10,16.0088194703957,"Downregulated"
"SLC52A3",-1.00706638299815,8.24997560528342,-7.16513794253263,1.56456475609316e-11,1.05576406885827e-09,15.8217965500362,"Downregulated"
"ETFDH",-1.09550875395912,8.71044148685169,-7.09027532205189,2.40787431309585e-11,1.4982829137002e-09,15.4046717618517,"Downregulated"
"TINAG",-1.33845200181762,6.99116240050772,-7.07385864904049,2.64574857266233e-11,1.60102344183555e-09,15.3135401680598,"Downregulated"
"NAT8",-1.75836076164306,6.05661803675765,-7.0733719954985,2.65314288198441e-11,1.60102344183555e-09,15.3108405548899,"Downregulated"
"CNGA1",-1.16365142426929,5.03732126683941,-7.07148911906132,2.68194415733742e-11,1.61352869273065e-09,15.3003966950111,"Downregulated"
"TRHDE",-1.51527287262657,5.76049726530929,-6.96938693546969,4.80483656431089e-11,2.67330934639403e-09,14.736507718866,"Downregulated"
"RHOU",-1.20230758706296,9.81714162882714,-6.94116254318078,5.6404524468575e-11,3.09512080147065e-09,14.5814863386312,"Downregulated"
"RMDN2",-1.09415690845299,6.83556748391855,-6.93709797346213,5.77203428865205e-11,3.13920432280569e-09,14.5591926870783,"Downregulated"
"TRPM6",-1.94595861049466,8.14903228964018,-6.92375846723608,6.22549133316084e-11,3.31118446608646e-09,14.4860819147809,"Downregulated"
"PKIB",-1.0122996153041,7.43452159421036,-6.9143871566015,6.56487352545662e-11,3.45070483677554e-09,14.4347701853083,"Downregulated"
"HSD3B1",-1.49798415500938,6.00307490945953,-6.88311171270375,7.83489257875214e-11,3.96895078294797e-09,14.2638258848616,"Downregulated"
"ENPP1",-1.04802655107755,8.2284533133017,-6.84274845818744,9.83702046785468e-11,4.79928330783356e-09,14.0438993773745,"Downregulated"
"SLC51B",-1.66317664331513,9.43624806431628,-6.79583704333777,1.2802878377518e-10,5.91955307204966e-09,13.7892787610819,"Downregulated"
"ENTPD5",-1.41292318576964,9.2888490760888,-6.79388955267428,1.2943414476158e-10,5.97071040985635e-09,13.7787314160325,"Downregulated"
"CYP2B7P",-2.07909448124389,6.74866405177598,-6.73179895376865,1.83146009620603e-10,7.90099005650523e-09,13.4434270704927,"Downregulated"
"GABRA2",-1.18600465365407,6.02852516845274,-6.63231449444118,3.18159472087878e-10,1.27353052013693e-08,12.9101527137167,"Downregulated"
"FMO4",-1.29755519569958,7.5924034069724,-6.60414797415385,3.71679864903573e-10,1.45328239901757e-08,12.7600682945028,"Downregulated"
"SGK2",-1.10446836045124,8.13072689396657,-6.55933531387309,4.7560609902598e-10,1.80603730455227e-08,12.5221126529856,"Downregulated"
"TMIGD1",-2.82962017430993,8.83956625308716,-6.52835340931063,5.63667832685133e-10,2.08660309304851e-08,12.3581966225093,"Downregulated"
"SLC17A4",-1.85321970427475,8.54746016941705,-6.51299673656919,6.13075366290777e-10,2.22646679387127e-08,12.2771314247087,"Downregulated"
"ABCG2",-2.79670096764062,8.11395780849782,-6.51212279934016,6.16011713696667e-10,2.2290249944524e-08,12.2725217094949,"Downregulated"
"PTPRR",-1.16343323156064,7.88332445607106,-6.50288728417568,6.47899802930658e-10,2.32336636691867e-08,12.2238316227903,"Downregulated"
"SLC23A3",-1.68166773595106,7.407166033395,-6.49835330177404,6.64143029760135e-10,2.36885587079088e-08,12.1999443412629,"Downregulated"
"SLC26A2",-2.38320130639949,9.30088221372761,-6.49147485961635,6.89552604017605e-10,2.43772101108808e-08,12.1637255416228,"Downregulated"
"USP2",-1.2587030898874,8.31960843666243,-6.48197634439825,7.26218224714705e-10,2.54482154744764e-08,12.1137508242552,"Downregulated"
"PPARGC1A",-1.30882881268221,8.41552928087843,-6.43948485084859,9.1511528332539e-10,3.07116642646737e-08,11.8907628860795,"Downregulated"
"MGC32805",-1.33880896561157,5.16785176395231,-6.42819854525997,9.72923004473181e-10,3.20679275434774e-08,11.8316925176105,"Downregulated"
"ACOX1",-1.04190686588977,9.9156675941857,-6.35099724278818,1.47667502329635e-09,4.52271450010032e-08,11.4294316077479,"Downregulated"
"HMGCS2",-2.57067086949979,9.17797178595121,-6.30721137893977,1.86836805955428e-09,5.47164749143317e-08,11.2026882293957,"Downregulated"
"MATN2",-1.14410479790297,8.44076497381954,-6.29588044532667,1.98533180999346e-09,5.7638106937223e-08,11.1441784866559,"Downregulated"
"TUBAL3",-1.45039889358661,7.38883452521487,-6.24255433551378,2.63964676474236e-09,7.31266358931539e-08,10.8697462737377,"Downregulated"
"CNTN3",-1.05130136436678,5.45620433782203,-6.15104524527096,4.28855668636969e-09,1.10958071571953e-07,10.4024191077992,"Downregulated"
"INPP5J",-1.17959753511415,7.61646159798979,-6.1482662282974,4.35192430698347e-09,1.11729223788802e-07,10.3882989318492,"Downregulated"
"GDPD2",-1.21992705259261,6.8841047606744,-6.13729966182932,4.61106976317492e-09,1.16731948605394e-07,10.3326195226729,"Downregulated"
"ABCB1",-2.10911285702916,8.38109678765449,-6.09899439115841,5.64057205295979e-09,1.39264259809418e-07,10.1386596979805,"Downregulated"
"SLC30A10",-1.65554232646476,8.27581482234116,-6.04560272519473,7.45994749230733e-09,1.75920886908319e-07,9.86967633540219,"Downregulated"
"GUCA2A",-2.22351539804529,10.6519644758976,-6.04363086641304,7.53714373146354e-09,1.7753173218426e-07,9.85977290990896,"Downregulated"
"SLC10A5",-1.32818888395165,8.36951753884452,-6.02695219607109,8.2221834388682e-09,1.91857350476581e-07,9.77609402246203,"Downregulated"
"VIPR1",-1.17768138247096,8.95345440799479,-5.94040598363124,1.28812371887335e-08,2.7966286044322e-07,9.3444177140147,"Downregulated"
"SLC36A1",-1.27686761712357,9.16073281043665,-5.91005971746993,1.50623200682118e-08,3.1924078981538e-07,9.19407160863292,"Downregulated"
"TMEM252",-1.9354338850958,6.00314594136477,-5.88193652412854,1.74039875743286e-08,3.60235489958176e-07,9.05521424670428,"Downregulated"
"GCNT2",-1.01169964822902,6.60146095693444,-5.85049597516757,2.04445958621707e-08,4.12485209849493e-07,8.90052129660111,"Downregulated"
"PADI2",-1.77945130923892,9.22262353206187,-5.78553387838025,2.8463786152791e-08,5.55210609976413e-07,8.58272849457091,"Downregulated"
"SCIN",-1.54153485745574,8.74434292093941,-5.75902994587183,3.25555499985089e-08,6.21074074183588e-07,8.45378634436819,"Downregulated"
"FAM151A",-1.24321392581864,7.31170251317206,-5.75590288040419,3.30746904133019e-08,6.27978960375753e-07,8.43860056732131,"Downregulated"
"PRKG2",-2.30686550789868,6.29861590042811,-5.73026500302575,3.76473565149904e-08,7.02774111243381e-07,8.31431615916953,"Downregulated"
"FMO5",-1.3372404939296,9.08879547529864,-5.72064212548344,3.95184913636984e-08,7.30196435243767e-07,8.26776856393754,"Downregulated"
"LRRC19",-1.38548254147435,8.30565600197253,-5.71570721050919,4.05130131555286e-08,7.45812833888044e-07,8.2439189467772,"Downregulated"
"HNF1A-AS1",-1.28782876416766,8.08091498363189,-5.63400341154508,6.10111504276396e-08,1.06761191533782e-06,7.85118431274882,"Downregulated"
"CHP2",-1.76889729238479,8.61136214475184,-5.60107542891138,7.18770269243511e-08,1.22497588377729e-06,7.69404737005261,"Downregulated"
"MAOA",-1.21075785428364,9.88618056377672,-5.51925246753698,1.07710445193591e-07,1.70341126864353e-06,7.30644872294592,"Downregulated"
"UGT1A1",-1.2211765316881,7.52928509887489,-5.47381435337326,1.34604116277959e-07,2.05235314392058e-06,7.09299147756775,"Downregulated"
"NHERF4",-1.11075166736616,7.76472336138603,-5.45219515020941,1.49597919820696e-07,2.22492096090736e-06,6.9918809649095,"Downregulated"
"DHRS11",-1.53557902091062,10.3539020896611,-5.41708823044752,1.77478577652284e-07,2.57787823216422e-06,6.82831340714195,"Downregulated"
"TMEM37",-1.18863288314584,9.91095181782193,-5.40332309691928,1.89739697746865e-07,2.72651850560855e-06,6.76439134666577,"Downregulated"
"CMBL",-1.01876493269965,9.8286082446248,-5.39897432657882,1.93782031678998e-07,2.7726377512581e-06,6.74422150466624,"Downregulated"
"PCK1",-2.27079934551305,8.83912097405304,-5.37165676723653,2.21161322270354e-07,3.09433015745069e-06,6.61779448244765,"Downregulated"
"CYP2S1",-1.05992593983477,9.9425136274647,-5.33528004551235,2.63529776804571e-07,3.57591288172181e-06,6.45017612840949,"Downregulated"
"ALDOC",-1.03144539206969,8.42536157939555,-5.27385780552512,3.53633494660796e-07,4.57775464831804e-06,6.16907030259184,"Downregulated"
"PRLR",-1.23311764793585,7.46714759073352,-5.26901526071944,3.61892744768641e-07,4.65461688534412e-06,6.14701090233912,"Downregulated"
"TMT1B",-1.14090015963653,9.32823396485249,-5.20150451603229,4.9853710444457e-07,6.11281775578627e-06,5.84105707073512,"Downregulated"
"SLC35G1",-1.25951736632402,8.37298404912174,-5.18241537677622,5.45517221660833e-07,6.58776359459098e-06,5.75508382468945,"Downregulated"
"UGT2A3",-2.40829566636882,7.17117000536126,-5.16034083309755,6.05217533012363e-07,7.19132361950561e-06,5.65596206046675,"Downregulated"
"SLC51A",-1.722142260255,8.06922927798665,-5.12703326564965,7.07476649927811e-07,8.23492925737652e-06,5.50700589093083,"Downregulated"
"A1CF",-1.12435573447681,9.7651886668702,-5.10607239906769,7.80230139236348e-07,8.87995259322325e-06,5.4136407867897,"Downregulated"
"CAPN13",-1.48539276195631,7.87717571974355,-5.09707900830802,8.13626029330959e-07,9.21279269266246e-06,5.37367097735529,"Downregulated"
"CHN2",-1.16507400078098,8.83398740535132,-5.03541234465821,1.08299923008564e-06,1.17820406436441e-05,5.10105013228084,"Downregulated"
"NAALADL1",-1.98290876206399,8.36205969017897,-5.02454929740435,1.13866875070572e-06,1.22939295278897e-05,5.05328878093743,"Downregulated"
"CYP4F12",-1.07048329502036,7.99914819002508,-5.01856343871933,1.17051977853167e-06,1.25766337043526e-05,5.02700465549972,"Downregulated"
"PIGZ",-1.19158769721187,7.88804869452903,-4.96492874547869,1.49721616000779e-06,1.550305628823e-05,4.79256780095171,"Downregulated"
"AQP8",-2.17496700763836,7.4205074742679,-4.88948037109553,2.11003940255603e-06,2.07717728076166e-05,4.46608030871648,"Downregulated"
"GRAMD1C",-1.01740377026278,7.17129987864411,-4.87663825071566,2.23610077286055e-06,2.17766342453031e-05,4.41089522042495,"Downregulated"
"SLC1A1",-1.23580068745764,9.4464363431257,-4.86696698471203,2.33581616196763e-06,2.25935070310612e-05,4.36941050957513,"Downregulated"
"NAT8B",-1.63804425428882,7.7403350127608,-4.84257703169739,2.60676929285387e-06,2.46765923485608e-05,4.26507556930352,"Downregulated"
"BEST4",-1.23235140617038,8.06026706019192,-4.80005025338215,3.15355628996098e-06,2.88016156084502e-05,4.08413622437117,"Downregulated"
"FLVCR1",-1.35997126589492,8.27332847735795,-4.79731032080207,3.19235200864533e-06,2.91293006033265e-05,4.07252149355446,"Downregulated"
"SLC39A5",-1.29580536721878,10.0359776409512,-4.78914766921757,3.3106837201733e-06,3.00170661038318e-05,4.03795041211767,"Downregulated"
"ADIRF",-1.08979738606384,7.93451426822795,-4.72960289293525,4.31161752137739e-06,3.77389344311972e-05,3.78716494337406,"Downregulated"
"CYP2J2",-1.12707439647012,8.54651132771803,-4.71718722655025,4.55439589707802e-06,3.93977928316312e-05,3.73518587686884,"Downregulated"
"AQP11",-1.20350734259361,7.43963926359416,-4.71456922234509,4.60724779248695e-06,3.97516921845073e-05,3.724239217582,"Downregulated"
"BTNL8",-1.12970732854325,8.33763739229042,-4.68984101079922,5.13655171031916e-06,4.33999508722144e-05,3.62108073086856,"Downregulated"
"ADH6",-1.17829328321564,7.97261045927093,-4.68735011625407,5.1930110837209e-06,4.37659086017895e-05,3.61071333900072,"Downregulated"
"TMEM236",-1.49560891831354,9.33782949515118,-4.68333096420298,5.28537509243548e-06,4.43982329927797e-05,3.59399438137867,"Downregulated"
"SLC3A1",-1.47271109828104,7.72494109153878,-4.67123577230025,5.57299618366141e-06,4.64586918916748e-05,3.54374927064876,"Downregulated"
"CLDN8",-1.95962560598855,5.45540535601962,-4.64832220584346,6.15980786590319e-06,5.04034139352384e-05,3.44884655200053,"Downregulated"
"MEP1A",-1.56695617958383,11.0287079235893,-4.64726190983647,6.18835651987046e-06,5.05133768401686e-05,3.4444640466463,"Downregulated"
"EPHX2",-1.12082548044739,7.7866057914405,-4.62321140285869,6.87126703766116e-06,5.51412968301503e-05,3.34527068851621,"Downregulated"
"SLC5A11",-1.19225656067069,6.64299157587784,-4.60980954153716,7.28275036054481e-06,5.81629970817761e-05,3.29017473952517,"Downregulated"
"SLC13A1",-2.52220101845922,5.58345739586188,-4.58641006701967,8.05877111549793e-06,6.30497039800062e-05,3.19428484911138,"Downregulated"
"CYP4F2",-1.74700192457015,7.82030107002799,-4.5851677206258,8.10212514870042e-06,6.33144944132012e-05,3.18920470553464,"Downregulated"
"SULT1A2",-1.35758618467164,9.1283877807206,-4.5668817348538,8.76683221800314e-06,6.75052840101753e-05,3.11455828250521,"Downregulated"
"SLC22A4",-1.0351830485507,7.17496107214293,-4.55850450792002,9.08860522978302e-06,6.96339857536195e-05,3.08044107138239,"Downregulated"
"SLC16A9",-1.35817534278461,6.32208122808965,-4.52364577143743,1.05538909352698e-05,7.90117756900594e-05,2.93901636297383,"Downregulated"
"PBLD",-1.43506036363222,8.59868549723246,-4.52155552885387,1.06486259656367e-05,7.95718874065196e-05,2.93056388547739,"Downregulated"
"LGALS2",-1.0577853762237,8.66954981289605,-4.47324035573908,1.3080815534292e-05,9.48026884912732e-05,2.73606828518879,"Downregulated"
"PRAP1",-1.01205918792763,8.29567903265358,-4.36429015816536,2.06779302428852e-05,0.000140578958022937,2.30372121602977,"Downregulated"
"SLC9A3",-1.07184062364071,9.45578045157617,-4.35399238607991,2.15832645992548e-05,0.000145152904749332,2.26330707803519,"Downregulated"
"ZG16",-1.47725885858522,9.97450593806416,-4.34789700110273,2.2136929757867e-05,0.000148128319927516,2.23942229025715,"Downregulated"
"AKR1B10",-1.26166462970132,9.33547786379777,-4.34046418517903,2.28305240783049e-05,0.000152005629313354,2.2103339115222,"Downregulated"
"PTGR1",-1.14793442693962,8.42290882181989,-4.32002687129231,2.48467222874796e-05,0.000163629551918931,2.1305630202717,"Downregulated"
"CUBN",-1.94176464488615,6.75683376133227,-4.29187751592511,2.79049337145623e-05,0.000180379658904423,2.02119764607844,"Downregulated"
"MIR192",-1.00385284573352,8.63068675501424,-4.27681936854316,2.96857459086545e-05,0.000190289823099957,1.9629359338827,"Downregulated"
"PLA2G12B",-1.21659873678614,7.49914972754577,-4.23123726744666,3.57642326101162e-05,0.00022226346675621,1.78760535688042,"Downregulated"
"SLC23A1",-1.60092086768444,8.25159658738197,-4.18134371022747,4.37786618560183e-05,0.000264179755864686,1.59747768219432,"Downregulated"
"MEP1B",-2.84576622255556,8.13520915715982,-4.15837388436623,4.80207367182465e-05,0.00028597680238827,1.51057835424883,"Downregulated"
"FMO1",-1.47033931456283,5.22990431734588,-4.14556646836764,5.05536960783208e-05,0.000298833834113163,1.46229879399808,"Downregulated"
"SLC10A2",-2.10145977396844,7.56921352101356,-4.12073281964702,5.58332496727275e-05,0.000323907443788283,1.36903909949314,"Downregulated"
"ASPA",-1.28125747304976,5.40439569202335,-4.09355571969163,6.22130827954193e-05,0.000356160537619864,1.2675165947327,"Downregulated"
"BRINP3",-1.41564435334948,6.41538595069262,-4.0260149952975,8.12173917460577e-05,0.000448379265543327,1.01765808436657,"Downregulated"
"PLAAT2",-1.07308819427239,7.99145385138505,-4.01053504126785,8.62936098763769e-05,0.000471710061212576,0.960885546818917,"Downregulated"
"PRODH",-1.01050644861665,6.91217284914369,-3.99585726867342,9.13846904811039e-05,0.000495875525039274,0.907225708087891,"Downregulated"
"SLC9A2",-1.09573702621009,8.38163506019683,-3.94417926457776,0.000111680466711591,0.00058888744511545,0.719625208244589,"Downregulated"
"LEAP2",-1.35371330116534,7.39690519943334,-3.9291153982138,0.000118360494780744,0.000619044913000936,0.665330975272113,"Downregulated"
"MOGAT2",-1.14601532956498,8.97057243020592,-3.90673415540156,0.000128990390316652,0.000665750402114936,0.58498948688071,"Downregulated"
"G6PC1",-1.96803894153201,6.87066440684926,-3.89389161122975,0.000135492972312233,0.000693399085053688,0.53906548264961,"Downregulated"
"HSD3B2",-1.18823305042772,5.71650180158044,-3.83180804843865,0.00017156276456699,0.000846958640499518,0.318882373290607,"Downregulated"
"PDZK1",-1.64643003864489,6.47514898083996,-3.82975528435003,0.000172898444890584,0.000851868164342508,0.311653881193037,"Downregulated"
"MS4A8",-1.53416940798948,8.43237861329509,-3.7874181122838,0.000202745245488691,0.000978172351060657,0.163312013608997,"Downregulated"
"MYO1A",-1.04600076756739,10.408083647827,-3.73637154555172,0.000245223599480291,0.0011478466936941,-0.0136570466367747,"Downregulated"
"ENPP3",-1.082098540885,8.57561988733179,-3.70729056692247,0.000273051952716806,0.00125637864629474,-0.113547697141077,"Downregulated"
"ANPEP",-1.49533712804195,11.6603811405966,-3.69512259804865,0.000285559147203023,0.00130610451253336,-0.155143075887897,"Downregulated"
"ADH1C",-1.19299926574159,9.85234330896315,-3.69458062551319,0.00028612862194202,0.00130781077681234,-0.156993015647361,"Downregulated"
"SLC26A3",-1.28689268431174,11.7035131120765,-3.68266807368969,0.000298919773538438,0.00135541964963831,-0.197595246017957,"Downregulated"
"HNF4G",-1.12407369103808,9.39508171724178,-3.6100753865705,0.000389302605877635,0.00170412672579441,-0.442551884405988,"Downregulated"
"NR1H4",-1.4890414685854,6.48249489318981,-3.59993112331111,0.000403814471514012,0.00175840206104663,-0.476444191997947,"Downregulated"
"MIR215",-1.46725778866453,6.11697640210339,-3.59712173011086,0.00040792260003265,0.00177590366457109,-0.485815741432021,"Downregulated"
"PLB1",-1.41921855330444,7.46125968235349,-3.57861875353842,0.000435977737522081,0.00188367279456328,-0.547378086223352,"Downregulated"
"XPNPEP2",-2.03104032189124,8.78381651392377,-3.52321793915996,0.000531221990551755,0.00221933236546345,-0.730042359541475,"Downregulated"
"SLC13A2",-1.38901291289375,8.70736424903826,-3.52200726081553,0.000533506730454635,0.00222654898330566,-0.734006220678905,"Downregulated"
"MAOB",-1.26943228627958,7.48609319902221,-3.49348147405155,0.000590084826618733,0.00242268331487823,-0.827055445978025,"Downregulated"
"CPO",-1.79956620375326,6.2144453205194,-3.47458590784017,0.000630610693714317,0.00256064606551123,-0.888324797883373,"Downregulated"
"SUSD2",-1.25134703419819,8.20664923439911,-3.46614601677881,0.000649542426878993,0.00262259155740469,-0.91559674576656,"Downregulated"
"CREB3L3",-1.86271733053285,8.62377395184784,-3.4617241527428,0.00065967259743714,0.00265811992358471,-0.92986183218308,"Downregulated"
"CA7",-1.02578082777809,7.9872594591932,-3.45566891847181,0.000673785026562941,0.00270310888969321,-0.949370163377807,"Downregulated"
"MIR194-1",-1.22597447656843,6.10689563296592,-3.43546003027733,0.000722958076409069,0.00286970680011819,-1.01425945080406,"Downregulated"
"GBA3",-1.783533480427,7.6990975843662,-3.42170990045571,0.00075831468047065,0.00299280328546152,-1.05821781021273,"Downregulated"
"SLC6A19",-1.95125207508754,9.01460934442407,-3.40619849840866,0.000800139595225006,0.00313679848381242,-1.1076195843814,"Downregulated"
"SLC6A4",-1.74682501768118,7.29222503748078,-3.40189115336039,0.00081213101594737,0.00317508414807844,-1.12130264869614,"Downregulated"
"SLC5A12",-2.06356984642727,7.39256899073509,-3.39805275883701,0.000822958287667805,0.00321038920050989,-1.13348308023608,"Downregulated"
"CYP3A4",-2.40857090366234,7.40878246208263,-3.35709071285506,0.000947216726629502,0.00362365808496018,-1.26270854397743,"Downregulated"
"MS4A10",-2.1022359007976,7.18006074210719,-3.35477533807455,0.000954738706996098,0.00364905299149255,-1.26997143279784,"Downregulated"
"HEPACAM2",-1.04523862640963,9.53402261177123,-3.26820404120469,0.00127945033728122,0.00469429482675515,-1.53832280501861,"Downregulated"
"DPP4",-1.04949835508887,10.0913078055175,-3.24688713460764,0.00137385063290027,0.00498660594976375,-1.60343850703316,"Downregulated"
"SULT2A1",-1.29864039145966,5.64503411621953,-3.22261105611981,0.00148922055178492,0.00534417738076751,-1.67712847150214,"Downregulated"
"TREH",-1.20502619356689,7.19507604766997,-3.1231824820004,0.00206200788926007,0.00705974384300319,-1.9737515935861,"Downregulated"
"ALPI",-1.07582036081162,8.91835428178861,-3.0494085430145,0.00261194664183377,0.00861334360640379,-2.18841116368176,"Downregulated"
"FABP2",-1.22303541039177,9.22249078576496,-3.04652415849076,0.0026359705262884,0.0086783912177169,-2.19670936899561,"Downregulated"
"TM6SF2",-1.28806256845889,8.91665433443134,-2.95962105489865,0.0034625231804897,0.0109275459009482,-2.44337358478836,"Downregulated"
"AGMO",-1.26030417282636,6.3648256282125,-2.91430199491588,0.00398223248522674,0.0122900357941778,-2.56942228991278,"Downregulated"
"NTS",-1.68494191648827,6.32841605021501,-2.90538854196244,0.00409249312757081,0.0125643187411773,-2.59400446545538,"Downregulated"
"SLC5A9",-1.13737913334563,7.30107866117949,-2.87248032101438,0.0045241852080206,0.0136257652812128,-2.68416353950808,"Downregulated"
"GSTA1",-1.49886084149115,7.73310088023572,-2.85365434971789,0.00478945458965397,0.0142804248356096,-2.73531760162146,"Downregulated"
"GPR15LG",-1.25551660785313,9.94370532350435,-2.81093502953015,0.00544477218330989,0.0158695286136629,-2.85024788571094,"Downregulated"
"APOC3",-1.28300198116001,7.61028823610658,-2.77748932625958,0.00601365203731108,0.0172383303377227,-2.93911445030515,"Downregulated"
"GCNT4",-1.19798292294933,6.90051453355991,-2.77239949165382,0.00610480715881938,0.0174495446751944,-2.95255233947337,"Downregulated"
"BTNL3",-1.05746883399062,9.29028787753981,-2.75261752509313,0.00647111740113354,0.0183157289174212,-3.0045634511924,"Downregulated"
"ABCC2",-1.14243187471065,6.96225311841042,-2.73140632602119,0.00688593169592397,0.0192983863749664,-3.05994991951929,"Downregulated"
"OTC",-1.1779028679013,7.15477938733845,-2.47381517582518,0.0142238434392847,0.0352884174458169,-3.70072164177059,"Downregulated"
"SLC7A9",-1.26764838139232,7.92069771513839,-2.45898469544154,0.014806156077582,0.0364452792721542,-3.73580740905583,"Downregulated"
"DPEP1",-1.32487378915087,9.09072772944672,-2.44440510305436,0.0153991564150561,0.0376498594912994,-3.77010653081504,"Downregulated"
